source_revision,original_path,snapshot_path,source_blob_sha,snapshot_blob_sha,normalization,purpose
4bbc34caf7686badf16250a2395977e5f16215e7,android-next/core/src/main/kotlin/com/kullchip/next/core/derivation/AnchoredPdrEngine.kt,android/AnchoredPdrEngine.kt,ae77b7e1783ec2b5bd67fd9148c82ed35d1573e3,ae77b7e1783ec2b5bd67fd9148c82ed35d1573e3,none,PDR candidate with GNSS anchoring
4bbc34caf7686badf16250a2395977e5f16215e7,android-next/core/src/test/kotlin/com/kullchip/next/core/derivation/AnchoredPdrEngineTest.kt,android/AnchoredPdrEngineTest.kt,616a8b9c5e28387cef13fc59915520e9c7f6a8f0,616a8b9c5e28387cef13fc59915520e9c7f6a8f0,none,PDR behavior tests
4bbc34caf7686badf16250a2395977e5f16215e7,android-next/wear/src/main/java/com/kullchip/next/wear/spool/SegmentedWearBatchSpool.kt,android/SegmentedWearBatchSpool.kt,6f69185e7cc6b9aeccee705dbff07267fbae9d93,6f69185e7cc6b9aeccee705dbff07267fbae9d93,none,Bounded durable Wear spool
4bbc34caf7686badf16250a2395977e5f16215e7,android-next/wear/src/test/java/com/kullchip/next/wear/spool/SegmentedWearBatchSpoolTest.kt,android/SegmentedWearBatchSpoolTest.kt,2c8594645a1becc4a900d01fc8fbd63d98d7096c,2c8594645a1becc4a900d01fc8fbd63d98d7096c,none,Spool persistence and ACK tests
4bbc34caf7686badf16250a2395977e5f16215e7,android-next/wear/src/main/java/com/kullchip/next/wear/transport/WearSensorAckValidation.kt,android/WearSensorAckValidation.kt,2ba10b4f280a97b36557599b50fcd55a0f521d01,2ba10b4f280a97b36557599b50fcd55a0f521d01,none,Application ACK identity validation
4bbc34caf7686badf16250a2395977e5f16215e7,android-next/wear/src/test/java/com/kullchip/next/wear/transport/WearSensorAckValidationTest.kt,android/WearSensorAckValidationTest.kt,cb5e2d56bf0564fc922c67afd844f7c367792c8c,cb5e2d56bf0564fc922c67afd844f7c367792c8c,none,ACK identity tests
4bbc34caf7686badf16250a2395977e5f16215e7,android-next/mobile/src/main/java/com/kullchip/next/mobile/ingress/SensorIngressOwner.kt,android/SensorIngressOwner.kt,adbc4984e94f206329ed0269da122e074d9113ff,adbc4984e94f206329ed0269da122e074d9113ff,none,RAW-first ingress owner
4bbc34caf7686badf16250a2395977e5f16215e7,android-next/mobile/src/test/java/com/kullchip/next/mobile/ingress/SensorIngressOwnerTest.kt,android/SensorIngressOwnerTest.kt,797c09541373c32e1ca33fe6d82e844055f39cc1,797c09541373c32e1ca33fe6d82e844055f39cc1,none,Ingress ordering and failure tests
4bbc34caf7686badf16250a2395977e5f16215e7,android-next/mobile/src/main/java/com/kullchip/next/mobile/model/AuthorityGatedMotionEngine.kt,android/AuthorityGatedMotionEngine.kt,6d798aae5cc29408aeece356d5cfe6ad695b1fd7,6d798aae5cc29408aeece356d5cfe6ad695b1fd7,none,Fail-closed runtime authority gate
4bbc34caf7686badf16250a2395977e5f16215e7,android-next/mobile/src/test/java/com/kullchip/next/mobile/model/AuthorityGatedMotionEngineTest.kt,android/AuthorityGatedMotionEngineTest.kt,3a59fc6d62d1d47e7da5638e9d2976e52ecd1d52,3a59fc6d62d1d47e7da5638e9d2976e52ecd1d52,none,Runtime authority tests
4bbc34caf7686badf16250a2395977e5f16215e7,android-next/mobile/src/main/java/com/kullchip/next/mobile/learning/ProductModelReadiness.kt,android/ProductModelReadiness.kt,cdeadac7ab8cb0f1bb5251f184532e9f9f2c7aac,cdeadac7ab8cb0f1bb5251f184532e9f9f2c7aac,none,Fail-closed product model gate
4bbc34caf7686badf16250a2395977e5f16215e7,android-next/mobile/src/test/java/com/kullchip/next/mobile/learning/ProductModelReadinessPolicyTest.kt,android/ProductModelReadinessPolicyTest.kt,b9b245d82fc67bd830c30e582acf4b519061de67,b9b245d82fc67bd830c30e582acf4b519061de67,none,Readiness policy tests
